INSERT INTO `books` (`id`, `title`, `description`, `synopsis`, `publication`, `publishDate`, `coverPhoto`, `edition`, `published`, `numberOfChapters`, `createdAt`, `updatedAt`, `createdBy`, `updatedBy`, `deletedBy`, `slug`, `collector`, `links`, `numberOfHadis`)
VALUES
	(1, 'সহিহ বুখারী', 'ইসলামে হাদিস বা হাদিস শাস্ত্র বলা হয় সেই জ্ঞান সম্পর্কে যার সাহায্যে রাসুল্লাহ (সঃ) এর কথা, কাজ, অনুমোদন ইত্যাদি সম্পর্কে জ্ঞান লাভ করা যায়। মুহাদ্দিসগন হাদিসের বিশুদ্ধতা রক্ষার জন্য আপ্রান চেষ্টা ও সাধনা করেছেন। তারই প্রমান হচ্ছে ইমাম বুখারী (রহঃ) এই গ্রন্থ সহিহুল বুখারী। সহিহ বুখারি হচ্ছে সমস্ত হাদিস গ্রন্থের মধ্যে সবচাইতে বিশুদ্ধ হাদিস গ্রন্থ। সহিহ বুখারিতে ৭৫৬৩ টি হাদিস রয়েছে এবং এই সব গুলো হাদিসই সহিহ্‌।', NULL, NULL, NULL, NULL, NULL, NULL, 0, '2013-11-01 06:55:33', '2013-11-01 06:55:33', NULL, NULL, NULL, 'bukhari', 'ইমাম ইসমাইল বুখারি ', NULL, 7534),
	(2, 'সহিহ মুসলিম', 'ইসলামে হাদিস বা হাদিস শাস্ত্র বলা হয় সেই জ্ঞান সম্পর্কে যার সাহায্যে রাসুল্লাহ (সঃ) এর কথা, কাজ, অনুমোদন ইত্যাদি সম্পর্কে জ্ঞান লাভ করা যায়। মুহাদ্দিসগন হাদিসের বিশুদ্ধতা রক্ষার জন্য আপ্রান চেষ্টা ও সাধনা করেছেন। তারই প্রমান হচ্ছে ইমাম বুখারী (রহঃ) এই গ্রন্থ সহিহুল বুখারী। সহিহ বুখারি হচ্ছে সমস্ত হাদিস গ্রন্থের মধ্যে সবচাইতে বিশুদ্ধ হাদিস গ্রন্থ। সহিহ বুখারিতে ৭৫৬৩ টি হাদিস রয়েছে এবং এই সব গুলো হাদিসই সহিহ্‌।', NULL, NULL, NULL, NULL, NULL, NULL, 0, '2014-09-10 06:55:33', '2014-09-10 06:55:33', NULL, NULL, NULL, 'muslim', 'ইমাম মুসলিম', NULL, 5400);

INSERT INTO `chapters` (`id`, `book_id`, `title`, `preface`, `number`, `createdAt`, `updatedAt`, `createdBy`, `updatedBy`, `deletedBy`, `range`)
VALUES
	(1, 1, 'ওহীর সূচনা অধ্যায়', NULL, 1, '2013-11-01 07:10:57', '2013-11-22 23:19:39', 'admin', 'anon.', NULL, '1 - 7'),
	(2, 1, 'ঈমান', NULL, 2, '2013-11-22 23:20:25', '2013-11-22 23:20:25', 'anon.', 'anon.', 'anon.', '7 -58'),
	(3, 1, 'ইল্‌ম', NULL, 3, '2013-11-22 23:21:00', '2013-12-15 22:55:23', 'anon.', 'admin', 'anon.', '59 - 134'),
	(4, 1, 'ওজু', NULL, 4, '2013-11-22 23:21:20', '2013-12-15 22:55:14', 'anon.', 'admin', 'anon.', '135 - 247'),
	(5, 1, 'গোসল', NULL, 5, '2013-11-22 23:21:35', '2013-11-22 23:21:35', 'anon.', 'anon.', 'anon.', '249 - 343');

INSERT INTO `sections` (`id`, `book_id`, `chapter_id`, `title`, `preface`, `createdAt`, `updatedAt`, `createdBy`, `updatedBy`, `deletedBy`, `number`, `sort_order`)
VALUES
	(1, 1, 1, 'আল্লাহ্‌র রসূল (সাল্লাল্লাহু আলাইহি ওয়া সাল্লাম)- এর প্রতি কীভাবে ওয়াহী [১] শুরু হয়েছিল।', 'এ মর্মে  আল্লাহ তা’আলার বাণীঃ “নিশ্চয়ই আমি আপনার প্রতি সেরূপ ওয়াহী প্রেরণ করেছি যেরূপ নূহ ও তাঁর পরবর্তী নবীদের প্রতি ওয়াহী প্রেরণ করেছিলাম”। (সূরা আন-নিসা ৪/১৬৩)', '2013-11-20 10:17:28', '2013-12-14 15:25:19', 'anon.', 'admin', 'anon.', '১/১. অধ্যায়ঃ', NULL),
	(2, 1, 1, '১/২. অধ্যায়ঃ', NULL, '2013-11-20 21:53:37', '2013-11-22 23:13:48', 'anon.', 'anon.', 'anon.', '১/২. অধ্যায়ঃ', NULL),
	(3, 1, 1, '১/৩. অধ্যায়ঃ', NULL, '2013-11-20 21:54:03', '2013-11-22 23:14:53', 'anon.', 'anon.', 'anon.', '১/৩. অধ্যায়ঃ', NULL),
	(4, 1, 1, '১/৪. অধ্যায়ঃ', NULL, '2013-11-20 21:55:03', '2013-11-22 23:15:40', 'anon.', 'anon.', 'anon.', '১/৪. অধ্যায়ঃ', NULL),
	(5, 1, 1, '১/৫. অধ্যায়ঃ', NULL, '2013-11-20 21:55:25', '2013-11-22 23:16:06', 'anon.', 'anon.', 'anon.', '১/৫. অধ্যায়ঃ', NULL),
	(6, 1, 1, '১/৬. অধ্যায়ঃ', NULL, '2013-11-20 21:55:49', '2013-12-07 15:49:21', 'anon.', 'admin', 'anon.', '১/৬. অধ্যায়ঃ', NULL),
	(7, 1, 5, 'নবী (সাল্লাল্লাহু ‘আলাইহি ওয়া সাল্লাম)-এর বাণীঃ ইসলাম পাঁচটি স্তম্ভের উপর প্রতিষ্ঠিত।', 'আল্লাহর রসূল (সাল্লাল্লাহু ‘আলাইহি ওয়া সাল্লাম)-এর বাণীঃ ইসলামের স্তম্ভ হচ্ছে পাঁচটিঃ মুখে স্বীকার এবং কাজে পরিণত করাই হচ্ছে ঈমান এবং তা বৃদ্ধি পায় ও হ্রাস পায়। [১] আল্লাহ তা’আলা বলেনঃ “যাতে তারা তাদের ঈমানের সঙ্গে ঈমান মজবুত করে নেয়-(সূরা ফাত্‌হ ৪৮/৪); আমরা তাদের সৎ পথে চলার শক্তি বাড়িয়ে দিয়েছিলাম- (সূরা কাহাফ ১৮/১৩); এবং যারা সৎপথে চলে আল্লাহ তাদের অধিক হিদায়াত দান করেন-(সূরা মারইয়াম ১৯/৭৬); এবং যারা সৎপথ অবলম্বন করে আল্লাহ তাদের হিদায়াত বাড়িয়ে দেন এবং তাদের সৎপথে চলার শক্তি বাড়িয়ে দেন- (সূরা মুহাম্মাদ ৪৭/১৭)। যাতে মু’মিনদের ঈমান বেড়ে যায়-(সূরা মুদদাস্‌সির ৭৪/৩১), আল্লাহ তা’আলা আরো বলেন, এটা তোমাদের মধ্যে কার ঈমান বাড়িয়ে দিল? যারা মু’মিন এ তো তাদের ঈমান বাড়িয়ে দেয়-(সূরা আত্‌-তাওবাহ ৯/১২৪), এবং তাঁর বাণী, “সুতরাং তোমরা তাদের ভয় কর ; একথা তাদের ঈমানের দৃঢ়তা বাড়িয়ে দিল”- (সূরা আল-ইমরান ৩/১৭৩)। “আর এতে তাদের ঈমান ও আনুগত্যই বাড়লো” –(সূরা আহ্‌যাব ৩৩/১৭৩)। “এতে তাদের ঈমান ও আনুগত্য আরও বৃদ্ধি পেল” –(সূরা আহ্‌যাব ৩৩/২২)।\r\nআর আল্লাহর জন্য ভালবাসা ও আল্লাহর জন্য ঘৃণা করা ঈমানের অংশ। ‘উমার ইব্‌নু ‘আবদুল ‘আযীয (রহঃ) ‘আদী ইব্‌নু ‘আদী (রহঃ)-এর নিকট এক পত্রে লিখেছিলেন, ‘ঈমানের কতকগুলো ফর্‌য, কতকগুলো হুকুম-আহকাম, বিধি-নিষেধ এবং সুন্নাত রয়েছে। যে এগুলো পূর্ণভাবে আদায় করে, তার ঈমান পূর্ণ হয়। আর যে এগুলো পূর্ণভাবে আদায় করে না, তার ঈমান পূর্ণ হয় না। আমি যদি বেঁচে থাকি তবে অচিরেই এগুলো তোমাদের নিকট ব্যক্ত করব, যাতে তোমরা তার উপর ‘আমল করতে পার। আর যদি আমার মৃত্যু হয় তাহলে জেনে রাখ, তোমাদের সাহচর্যে থাকার জন্য আমি আকাঙ্ক্ষিত নই’।\r\nইবরাহীম (‘আঃ) বলেন, ‘তবে এ তো কেবল চিত্ত প্রশান্তির জন্য’- (সূরা আল-বাক্বারাহ ২/২৬), মু’আয (রাঃ) বলেন, “এসো আমাদের সঙ্গে বস, কিছুক্ষণ ঈমানের আলোচনা করি”; ইব্‌নু মাস’উদ (রাঃ) বলেন, ‘ইয়াকীন হল পূর্ণ ঈমান’, ইব্‌নু ‘উমার (রাঃ) বলেন, ‘বান্দা প্রকৃত তাকওয়ায় পৌছতে পারে না, যতক্ষণ পর্যন্ত সে, মনে যে বিষয়ের সন্দেহের সৃষ্টি করে, তা পরিত্যাগ না করে’; মুজাহিদ (রহঃ) এ আয়াতের ব্যাখ্যায় বলেন, “অর্থাৎ হে মুহাম্মাদ (সাল্লাল্লাহু ‘আলাইহি ওয়া সাল্লাম) ! আমি আপনাকে এবং নূহকে একই ধর্মের আদেশ করেছি”- (সূরা শূরা ৪২/১৩), ইব্‌নু আব্বাস (রাঃ) বলেন, “অর্থাৎ পথ ও পন্থা”- (সূরা আল-মায়িদাহ ৫/৪৮)।', '2013-11-22 23:24:52', '2013-12-14 18:38:49', 'anon.', 'admin', 'anon.', '২/১. অধ্যায়ঃ', NULL),
	(8, 1, 5, 'তোমাদের দু’আ অর্থাৎ তোমাদের ঈমান।', 'এ মর্মে আল্লাহ তা’আলার বানীঃ  “বলে দিন, আমার প্রতিপালক তোমাদের একটুও পরোয়া করবেন না যদি তোমরা ‘ইবাদাত না কর”- (সূরাহ্‌ আল-ফুরক্বান ২৫/৭৭) । অভিধানে দু’আর অর্থ করা হয়েছেঃ “ঈমান”।', '2013-11-23 00:03:29', '2013-11-23 00:03:29', 'anon.', 'anon.', 'anon.', '২/২. অধ্যায়ঃ', NULL),
	(9, 1, 5, 'ঈমানের বিষয়সমূহ', 'আল্লাহ তা’আলার বাণীঃ “কোন পুণ্য নেই পূর্ব এবং পশ্চিম দিকে তোমাদের মুখ ফেরানোতে ; কিন্তু পুণ্য আছে কেউ ঈমান আনলে আল্লাহর উপর, আখিরাতের উপর, ফেরেশতাদের উপর, সকল কিতাবের উপর, আর সকল নবী-রসূলদের উপর, এবং অর্থ দান করলে আল্লাহর মহব্বতে আত্মীয়-স্বজন, ইয়াতিম, মিসকিন, মুসাফির, সাহায্যপ্রার্থী এবং দাস মুক্তির জন্য, সালাত কায়িম করলে, যাকাত দিলে, কৃত প্রতিশ্রুতি পূর্ণ করলে আর অভাবে, রোগে-শোকে ও যুদ্ধ বিভ্রাটে ধৈর্যধারণ করলে। এরাই হল প্রকৃত সত্যপরায়ণ, আর এরাই মুত্তাকী”- (আল-বাক্বারাহ ২/১৭৭)। “অবশ্যই সফলতা লাভ করেছে মুমিনগণ”-(সূরা মুমিনূন ২৩/১)।', '2013-11-23 00:05:05', '2013-12-14 20:27:01', 'anon.', 'admin', 'anon.', '২/৩. অধ্যায়ঃ', NULL),
	(10, 1, 5, 'সে-ই প্রকৃত মুসলিম, যার জিহবা ও হাত হতে অন্য মুসলিম নিরাপদ থাকে।', NULL, '2013-11-23 00:06:08', '2013-11-23 00:06:08', 'anon.', 'anon.', 'anon.', '২/৪. অধ্যায়ঃ', NULL);

INSERT INTO `hadiths` (`id`, `book_id`, `chapter_id`, `section_id`, `narrator`, `body`, `note`, `numberPrimary`, `numberSecondary`, `reference`, `scholarReviewed`, `validity`, `createdAt`, `updatedAt`, `createdBy`, `updatedBy`, `deletedBy`, `explanation`, `crossChecked`, `highlighted`)
VALUES
	(1, 1, 1, 1, '‘আলক্বামাহ ইব্‌নু ওয়াক্কাস আল-লায়সী (রহঃ)', 'আমি ‘উমর ইব্‌নুল খাত্তাব (রাঃ)-কে মিম্বারের উপর দাঁড়িয়ে বলতে শুনেছিঃ আমি আল্লাহর রসূল (সাল্লাল্লাহু ‘আলাইহি ওয়া সাল্লাম)-কে বলতে শুনেছিঃ কাজ (এর প্রাপ্য হবে) নিয়্যাত অনুযায়ী। আর মানুষ তার নিয়্যাত অনুযায়ী প্রতিফল পাবে। তাই যার হিজরত হবে ইহকাল লাভের অথবা কোন মহিলাকে বিবাহ করার উদ্দেশ্যে- তবে তার হিজরত সে উদ্দেশ্যেই হবে, যে জন্যে, সে হিজরত করেছে।', NULL, '1', '1', '১\r\n১\r\n৫৪, ২৫২৯, ৩৮৯৮, ৫০৭০, ৬৬৮৯, ৬৯৫৩; মুসলিম ২৩/৪৫ হাঃ ১৯০৭, আহমাদ ১৬৮', 0, 40, '2013-11-20 21:16:06', '2013-12-14 16:59:49', 'anon.', 'admin', 'anon.', 'ব্যাখ্যাঃ\r\nশারী’আহর মূল উৎস হচ্ছে ওয়াহী। ওয়াহী দু’ প্রকার। ওয়াহী মাতলু (আল-কুরান) ও ওয়াহী গাইরে মাতলু (সুন্নাহ ও হাদীস), এবং দ্বীনে ইলাহীর ভিত্তি শুধুমাত্র দু’টি জিনিসের উপর প্রতিষ্ঠিত। ইজমা’ ও কিয়াস কোন শার’ঈ দলীল নয়। বরং যে কিয়াস এবং ইজমা ওয়াহীর পক্ষে অর্থাৎ কুরআন ও সুন্নাহ মুতাবিক হবে তা গ্রহণযোগ্য এবং যেটা বিপক্ষে যাবে সেটা পরিত্যাজ্য ও অগ্রহণযোগ্য। এ প্রসংগে আল্লাহ তা’আলার বাণীঃ\r\n(আরবি)\r\nকিন্তু বাতিল ফির্কার লোকেরা ইজমা’ ও কিয়াসকে ওয়াহীর আসনে বসিয়েছে এবং বলে থাকেঃ শারী’আহর ভিত্তি চারটি বিষয়ের উপর। কুরআন, সুন্নাহ, ইজমা’ ও কিয়াস।  বড় আশ্চর্যের বিষয় এই যে, সাহাবায়ে কেরাম যাদের উপর আল্লাহ তা’আলা তাঁর সন্তুষ্টির ঘোষণা দিয়েছেন, তাদেরকে সত্যবাদী বলে স্বীকৃতি দেয়া হয়েছে এবং মুসলিম উম্মাহ এ ব্যাপারে সকলেই একমত। অথচ তারা সাহাবায়ে কেরামকে দু’ ভাগে ভাগ করেছেন। (১) ফকীহ (২) গাইরে ফকীহ। আর বলেছেন যে সকল সাহাবী ফকীহ ছিলেন তাঁরা যদি কিয়াসের বিপরীতে হাদীস বর্ণনা করেন তবে তা গ্রহনযোগ্য কিন্তু যে সকল সাহাবী গাইরে ফকীহ অর্থাৎ ফকীহ নন তাঁরা যদি কিয়াসের খেলাফ হাদীস বর্ণনা করেন তাহলে তা গ্রহণযোগ্য বলে বিবাচিত হবে না। \r\nপ্রকৃতপক্ষে এটা উম্মাতে মুহাম্মাদিয়াহকে সিরাতে মুস্তাকীমের পথ হতে সরিয়ে দেয়ার একটা বড় অস্ত্র এবং পরিকল্পনা। কেননা তাঁরা কিয়াসকে মূল এবং হাদীসকে দ্বিতীয় স্থানে রেখেছেন। সকল সাহাবীর উপর আল্লাহ তা’আলা সন্তুষ্ট কিন্তু তারা খুশী নন। সকল সাহাবীর উপর উম্মতের ঐকমত্য রয়েছে। কিন্তু তাদের নিকট গাইরে ফকীহ সাহাবীগণ ‘আদিল নন।\r\nধোঁকাবাজির কিছু নমুনাঃ তারা বলেন, ফকীহ সাহাবীগণ কিয়াসের খেলাফ হাদীস বর্ণনা করলে তা গ্রহণীয় হবে। কিন্তু গাইরে ফকীহ সাহাবীগণ কিয়াসের খেলাফ হাদীস বর্ণনা করলে তা বাতিল হয়ে যাবে এবং কিয়াসের উপর ‘আমল করতে হবে। বাই’য়ি মুসারাহ এর হাদীস আবূ হুরাইরাহ (রাঃ) হতে বর্ণিত এবং তা কিয়াসের খেলাফ। এই জন্য তা বাতিল। এবং কিয়াসের উপর ‘আমলযোগ্য। অথচ এই হাদীস ‘আবদুল্লাহ ইব্‌নু মাস’ঊদ (রাঃ) হতেও বর্ণিত হয়েছে।   \r\n(দেখুন সহীহ বুখারী ২৮৮ পৃষ্ঠা রশিদিয়া ছাপা)', 0, 0),
	(2, 1, 1, 2, 'উম্মুল মু’মিনীন ‘আয়িশা (রাঃ)', 'হারিস ইব্‌নু হিশাম (রাঃ) আল্লাহর রসূল (সাল্লাল্লাহু ‘আলাইহি ওয়া সাল্লাম)- কে জিজ্ঞেস করলেন, ‘হে আল্লাহর রসূল! আপনার নিকট ওয়াহী কিরূপে আসে?’ আল্লাহর রসূল (সাল্লাল্লাহু ‘আলাইহি ওয়া সাল্লাম) বললেনঃ [কোন কোন সময় তা ঘন্টা বাজার মত আমার নিকট আসে। আর এটি-ই আমার উপর সবচেয়ে বেদনাদায়ক হয় এবং তা শেষ হতেই মালাক (ফেরেশতা) যা বলেন তা আমি মুখস্ত করে নেই, আবার কখনো মালাক মানুষের রূপ ধারণ করে আমার সাথে কথা বলেন। তিনি যা বলেন আমি তা মুখস্ত করে নেই।] ‘আয়িশা (রাঃ) বলেন, আমি তীব্র শীতের সময় ওয়াহী নাযিলরত অবস্থায় তাঁকে দেখেছি। ওয়াহী শেষ হলেই তাঁর ললাট হতে ঘাম ঝরে পড়ত।', NULL, '2', '2', '২\r\n২\r\n৩২১৫; মুসলিম ৪৩/২৩, হাঃ ২৩৩৩, আহমাদ ২৫৩০৭, ২৬২৫৮', 0, 40, '2013-11-20 21:58:01', '2013-12-14 16:18:13', 'anon.', 'admin', 'anon.', NULL, 0, 0),
	(3, 1, 1, 3, 'উম্মুল মু’মিনীন ‘আয়িশাহ (রাঃ)', 'তিনি বলেন, আল্লাহর রসূল (সাল্লাল্লাহু ‘আলাইহি ওয়া সাল্লাম)- এর নিকট সর্বপ্রথম যে ওয়াহী আসে, তা ছিল নিদ্রাবস্থায় বাস্তব স্বপ্নরূপে। যে স্বপ্নই তিনি দেখতেন তা একেবারে প্রভাতের আলোর ন্যায় প্রকাশিত হতো। অতঃপর তাঁর নিকট নির্জনতা পছন্দনীয় হয়ে দাঁড়ায় এবং তিনি ‘হেরা’র গুহায় নির্জনে অবস্থান করতেন। আপন পরিবারের নিকট ফিরে এসে কিছু খাদ্যসামগ্রী সঙ্গে নিয়ে যাওয়ার পূর্বে- এভাবে সেখানে তিনি এক নাগাড়ে বেশ কয়েক দিন ‘ইবাদাতে মগ্ন থাকতেন। অতঃপর  খাদীজা (রাঃ)-এর নিকট  ফিরে এসে আবার একই সময়ের জন্য কিছু খাদ্যদ্রব্য নিয়ে যেতেন। এভাবে ‘হেরা’ গুহায় অবস্থানকালে তাঁর নিকট ওয়াহী আসলো।  তাঁর নিকট ফেরেশতা এসে বললো, ‘পাঠ করুন’। আল্লাহর রসূল (সাল্লাল্লাহু ‘আলাইহি ওয়া সাল্লাম) বলেনঃ [“আমি বললাম, ‘আমি পড়তে জানি না।] তিনি (সাল্লাল্লাহু ‘আলাইহি ওয়া সাল্লাম) বলেনঃ অতঃপর সে আমাকে জড়িয়ে ধরে এমন ভাবে চাপ দিলো যে, আমার খুব কষ্ট হলো। অতঃপর সে আমাকে ছেড়ে দিয়ে বললো, ‘পাঠ করুন’। আমি বললামঃ আমি তো পড়তে জানি না’। সে দ্বিতীয় বার আমাকে জড়িয়ে ধরে এমনভাবে চাপ দিলো যে, আমার খুব কষ্ট হলো। অতঃপর সে আমাকে ছেড়ে দিয়ে  বললো, ‘পাঠ করুন’। আমি উত্তর দিলাম, ‘আমি তো পড়তে জানি না’। আল্লাহর রসূল (সাল্লাল্লাহু ‘আলাইহি ওয়া সাল্লাম) বলেন, অতঃপর তৃতীয়বারে তিনি আমাকে জড়িয়ে ধরে চাপ দিলেন। তারপর ছেড়ে দিয়ে বললেন, “পাঠ করুন আপনার রবের নামে, যিনি সৃষ্টি করেছেন। যিনি সৃষ্টি করেছেন মানুষকে জমাট রক্ত পিন্ড থেকে, পাঠ করুন, আর আপনার রব অতিশয় দয়ালু”- (সূরাহ্‌ আলাক্ব ৯৬/১-৩)। অতঃপর এ আয়াত নিয়ে আল্লাহর রসূল (সাল্লাল্লাহু ‘আলাইহি ওয়া সাল্লাম)- প্রত্যাবর্তন করলেন। তাঁর হৃদয় তখন কাঁপছিল। তিনি খাদীজা বিন্‌তু খুওয়ায়লিদের নিকট এসে বললেন, ‘আমাকে চাদর দ্বারা আবৃত কর’, ‘আমাকে চাদর দ্বারা আবৃত কর’। তাঁরা তাঁকে চাদর দ্বারা আবৃত করলেন। এমনকি তাঁর শংকা দূর হলো। তখন তিনি খাদীজা (রাঃ) এর নিকট ঘটনাবৃত্তান্ত জানিয়ে তাঁকে বললেন, আমি আমার নিজেকে নিয়ে শংকা বোধ করছি। খাদীজা (রাঃ) বললেন, আল্লাহর কসম, কখনই নয়। আল্লাহ আপনাকে কখনো লাঞ্ছিত করবেন না।  আপনি তো আত্মীয়–স্বজনের সঙ্গে সদাচরণ করেন, অসহায় দুস্থদের দায়িত্ব বহন করেন, নিঃস্বকে সহযোগিতা করেন, মেহমানের আপ্যায়ন করেন এবং হক পথের দুর্দশাগ্রস্থকে সাহায্য করেন। অতঃপর তাঁকে নিয়ে খাদীজা (রাঃ) তাঁর চাচাত ভাই ওয়ারাকাহ ইব্‌নু নাওফাল ইব্‌নু ‘আবদুল আসাদ ইব্‌নু ‘আবদুল ‘উযযাহ’র নিকট গেলেন, যিনি অন্ধকার যুগে ‘ঈসায়ী ধর্ম গ্রহন করেছিলেন। যিনি ইবরানী ভাষায় লিখতে পারতেন এবং আল্লাহর তাওফীক অনুযায়ী ইবরানী ভাষায় ইনজীল হতে ভাষান্তর করতেন। তিনি ছিলেন অতি বৃদ্ধ এবং অন্ধ হয়ে গিয়েছিলেন। খাদীজা (রাঃ) তাঁকে বললেন, ‘হে চাচাত ভাই! আপনার ভাতিজার কথা শুনুন’। ওয়ারাকাহ তাঁকে জিজ্ঞেস করলেন, ‘ভাতিজা! তুমি কী দেখ?’ আল্লাহর রসূল (সাল্লাল্লাহু ‘আলাইহি ওয়া সাল্লাম) যা দেখেছিলেন, সবই বর্ণনা করলেন। তখন ওয়ারাকাহ তাঁকে বললেন, এটা সেই বার্তাবাহক যাকে আল্লাহ মূসা (‘আঃ)- এর নিকট পাঠিয়েছিলেন। আফসোস! আমি যদি সেদিন যুবক থাকতাম। আফসোস ! আমি যদি সেদিন জীবিত থাকতাম, যেদিন তোমার কওম তোমাকে বহিষ্কার করবে’। আল্লাহর রসূল (সাল্লাল্লাহু ‘আলাইহি ওয়া সাল্লাম) বললেন, [‘তারা কি আমাকে বের করে দেবে?’] তিনি বললেন, ‘হ্যাঁ, তুমি যা নিয়ে এসেছো অনুরূপ (ওয়াহী) কিছু যিনিই নিয়ে এসেছেন তাঁর সঙ্গেই বৈরিতাপূর্ণ আচরণ করা হয়েছে। সেদিন যদি আমি থাকি, তবে তোমাকে জোরালোভাবে সাহায্য করব। এর কিছুদিন পর ওয়ারাকাহ (‘আঃ) ইন্তিকাল করেন। আর ওয়াহীর বিরতি ঘটে।', NULL, '3', '3', '৩\r\n৩\r\n৩৩৯২, ৪৯৫৩, ৪৯৫৫, ৪৯৫৬, ৪৯৫৭। ৬৯৮২; মুসলিম ১/৭৩ হাঃ ১৬০, আহমাদ ২৬০১৮', 0, 40, '2013-11-20 22:05:03', '2013-12-14 16:21:43', 'anon.', 'admin', 'anon.', NULL, 0, 0),
	(4, 1, 1, 3, 'জাবির ইব্‌নু ‘আবদুল্লাহ্‌ আনসারী (রাঃ)', 'ওয়াহী স্থগিত হওয়া প্রসঙ্গে বর্ণনা করেন যে, আল্লাহর রসূল (সাল্লাল্লাহু ‘আলাইহি ওয়া সাল্লাম) বলেছেনঃ একদা আমি হাঁটছি , হঠাৎ আসমান থেকে একটা শব্দ শুনতে পেয়ে আমার দৃষ্টিকে উপরে তুললাম। দেখলাম, সেই ফেরেশতা, যিনি হেরা গুহায় আমার নিকট এসেছিলেন, আসমান ও যমীনের মাঝে একটি আসনে উপবিষ্ট। এতে আমি শংকিত হলাম। অবিলম্বে আমি ফিরে এসে বললাম, ‘আমাকে চাদর দ্বারা আবৃত কর’, ‘আমাকে চাদর দ্বারা আবৃত কর’। অতঃপর আল্লাহ তা’আলা অবতীর্ণ করলেন,  “হে বস্ত্রাবৃত রসূল! (১) উঠুন, সতর্ক করুন; আর আপানার রবের শ্রেষ্ঠত্ব  ঘোষণা করুন; এবং স্বীয় পরিধেয় বস্ত্র পবিত্র রাখুন; (৫) এবং অপবিত্রতা থেকে দূরে থাকুন”। (সূরাহ মুদ‌্দাসসির ৭৪/১-৫) অতঃপর ওয়াহী পুরোদমে ধারাবাহিক অবতীর্ণ হতে লাগল। ‘আবদুল্লাহ ইব্‌নু ইউসূফ (রহঃ) ও আবূ সালেহ (রহঃ) অনুরূপ বর্ণনা করেছেন। হিলাল ইব্‌নু রাদদাদ (রহঃ) যুহরী (রহঃ) থেকেও অনুরূপ বর্ণনা করেছেন। হিলাল ইব্‌নু রাদদাদ (রহঃ) যুহরী থেকেও অনুরূপ বর্ণনা করেছেন। ইউনুস ও মা’মার ----- এর স্থলে ------ শব্দ উল্লেখ করেছেন।', NULL, '4', '4', '৩ শেষাংশ\r\n৩ শেষাংশ\r\n৩২৩৮, ৪৯২২, ৪৯২৩, ৪৯২৪, ৪৯২৫, ৪৯২৬, ৪৯৫৪, ৬২১৪; মুসলিম ১/৩৮ হাঃ ১৬১, আহমাদ ১৫০৩৯', 0, 40, '2013-11-20 22:05:05', '2013-12-14 16:30:41', 'anon.', 'admin', 'anon.', NULL, 0, 0),
	(5, 1, 1, 5, 'ইব্‌নু আব্বাস (রাঃ)', 'তিনি বলেন আল্লাহর রসূল (সাল্লাল্লাহু ‘আলাইহি ওয়া সাল্লাম) ছিলেন সর্বশ্রেষ্ঠ দানশীল। রমাযানে তিনি আরো অধিক দানশীল হতেন, যখন জিবরীল (‘আঃ) তাঁর সঙ্গে সাক্ষাৎ করতেন। আর রমাযানের প্রতি রাতেই জিবরীল (‘আঃ) তাঁর সাথে দেখা করতেন এবং তারা একে অপরকে কুরআন তিলাওয়াত করে শোনাতেন। নিশ্চয়ই আল্লাহর রসূল (সাল্লাল্লাহু ‘আলাইহি ওয়া সাল্লাম) রহমতের বায়ু অপেক্ষাও অধিক দানশীল ছিলেন।', NULL, '6', '6', '৫\r\n৫\r\n১৯০২, ৩২২০, ৩৫৫৪, ৪৯৯৭; মুসলিম ৪৩/১২ হাঃ ৩২০৮, আহমাদ ৩৬১৬, ৩৪২৫', 0, 40, '2013-11-20 22:10:09', '2013-12-14 16:45:06', 'anon.', 'admin', 'anon.', NULL, 0, 0),
	(6, 1, 1, 6, '‘আবদুল্লাহ ইব্‌নু আব্বাস (রাঃ)', 'আবূ সুফিয়ান ইব্‌নু হরব তাকে বলেছেন, রাজা হিরাক্লিয়াস একদা তাঁর নিকট লোক প্রেরণ করলেন। তিনি তখন ব্যবসা উপলক্ষে কুরাইশদের কাফেলায় সিরিয়ায় ছিলেন। আল্লাহর রসূল (সাল্লাল্লাহু ‘আলাইহি ওয়া সাল্লাম) সে সময় আবূ সুফিয়ান ও কুরাইশদের সঙ্গে নির্দিষ্ট সময়ের জন্য সন্ধিতে আবদ্ধ ছিলেন। আবূ সুফিয়ান তার সাথী সহ হিরাক্লিয়াসের নিকট আসলেন এবং দোভাষীকে ডাকলেন। অতঃপর জিজ্ঞেস করলেন, ‘এই যে ব্যক্তি নিজেকে নবী বলে দাবী করে-তোমাদের মাঝে বংশের দিক হতে তাঁর সবচেয়ে  নিকটাত্মীয় কে’? আবূ সুফিয়ান বলেন, ‘আমি বললাম, বংশের দিক দিয়ে আমিই তাঁর নিকটাত্মীয়’। তিনি বললেন, ‘তাঁকে আমার অতি নিকটে আন এবং তাঁর সাথীদেরকেও তার পেছনে বসিয়ে দাও’।\r\nঅতঃপর তাঁর দোভাষীকে বললেন, ‘তাদের বলে দাও, আমি এর নিকট সে ব্যক্তি সম্পর্কে কিছু জিজ্ঞেস করব, যদি সে আমার নিকট মিথ্যা বলে, তখন সঙ্গে সঙ্গে তোমরা তাকে মিথ্যুক বলবে। আবূ সুফিয়ান বলেন, ‘আল্লাহর কসম! আমার যদি এ লজ্জা না থাকত যে, তারা আমাকে মিথ্যাবাদী বলে প্রচার করবে, তবে আমি অবশ্যই তাঁর সম্পর্কে মিথ্যা বলতাম’।\r\nঅতঃপর তিনি তাঁর সম্পর্কে  আমাকে সর্বপ্রথম যে প্রশ্ন করেন তা হলো, ‘বংশমর্যাদার দিক দিয়ে তোমাদের মধ্যে সে কিরূপ?’ আমি বললাম, ‘তিনি আমাদের মধ্যে খুব সম্ভ্রান্ত বংশের’। তিনি বললেন, ‘তোমাদের মধ্যে এর পূর্বে আর কখনো কি কেউ এরূপ কথা বলেছে?’ আমি বললাম, ‘না’। তিনি বললেন, ‘তাঁর পূর্বপুরুষের মধ্যে কেউ কি বাদশাহ ছিলেন?’ আমি বললাম, ‘না’। তিনি বললেন, ‘সম্ভ্রান্ত মর্যাদাবান শ্রেণীর লোকেরা তাঁর অনুসরণ করে, নাকি দুর্বল লোকেরা?’ আমি বললাম, ‘দুর্বল লোকেরা’। তিনি বললেন, ‘তাদের সংখ্যা কি বাড়ছে, না কমছে?’ আমি বললাম, ‘তারা বেড়েই চলছে’। তিনি বললেন, ‘তাঁর ধর্মে ঢুকে কেউ কি অসন্তুষ্ট হয়ে তা ত্যাগ করে?’ আমি বললাম, ‘না’। তিনি বললেন, ‘তাঁর দাবীর পূর্বে তোমরা কি কখনো তাঁকে মিথ্যার অভিযোগে অভিযুক্ত করেছ?’ আমি বললাম, ‘না’। তিনি বললেন, ‘তিনি কি সন্ধি ভঙ্গ করেন?’ আমি বললাম, ‘না’। তবে আমরা তাঁর সঙ্গে একটি নির্দিষ্ট সময়ের সন্ধিতে আবদ্ধ আছি। জানি না এর মধ্যে তিনি কি করবেন’। আবূ সুফিয়ান বলেন, ‘এ কথাটি ব্যতীত নিজের পক্ষ হতে আর কোন কথা যোগ করার সু্যোগই আমি পাইনি’। তিনি বললেন, ‘তোমরা তাঁর সঙ্গে কখনো যুদ্ধ করেছ কি?’ আমি বললাম, ‘হ্যাঁ’। তিনি বললেন, ‘তাঁর সঙ্গে তোমাদের যুদ্ধের পরিণাম কি হয়েছে?’ আমি বললাম, ‘তাঁর ও আমাদের মধ্যে যুদ্ধের ফলাফল কুপের বালতির ন্যায়’। কখনো তাঁর পক্ষে যায়, আবার কখনো আমাদের পক্ষে আসে’। তিনি বললেন, ‘তিনি তোমাদের কিসের আদেশ দেন?’ আমি বললাম, ‘তিনি বলেনঃ তোমরা এক আল্লাহর ইবাদত কর এবং তাঁর সঙ্গে কোন কিছুর অংশীদার সাব্যস্ত করো না এবং তোমাদের পূর্বপুরুষরা যা বলে তা ত্যাগ কর। আর তিনি আমাদের সালাত আদায়ের, সত্য বলার, চারিত্রিক নিষ্কলুষতার এবং আত্মীয়দের সঙ্গে সদাচরণ করার নির্দেশ দেন’।\r\nঅতঃপর তিনি দোভাষীকে বললেন, ‘তুমি তাকে বল, আমি তোমার নিকট তাঁর বংশ সম্পর্কে জিজ্ঞেস করেছি। তুমি তার জবাবে উল্লেখ করেছ যে, তিনি তোমাদের মধ্যে সম্ভ্রান্ত বংশের। প্রকৃতপক্ষে রসূলগণকে তাঁদের কওমের উচ্চ বংশেই পাঠানো হয়ে থাকে। তোমাকে জিজ্ঞেস করেছি, এ কথা তোমাদের মধ্যে ইতিপূর্বে আর কেউ বলেছে কিনা? তুমি বলেছ, ‘না’। তাই আমি বলছি, পূর্বে যদি কেউ এরূপ বলত, তবে আমি অবশ্যই বলতাম, ইনি এমন এক ব্যক্তি, যিনি তাঁর পুর্বসূরীর কথারই অনুসরণ করছেন। আমি তোমাকে জিজ্ঞেস করেছি, তাঁর পূর্বপুরুষদের মধ্যে কোন  বাদশাহ ছিলেন কিনা? তুমি তার জবাবে বলেছ, ‘না’। তাই আমি বলছি যে, তাঁর পূর্বপুরুষের মধ্যে যদি কোন বাদশাহ থাকতেন, তবে আমি বলতাম, ইনি এমন এক ব্যক্তি যিনি তাঁর বাপ-দাদার বাদশাহী ফিরে পেতে চান। আমি তোমাকে জিজ্ঞেস করেছি-এর পূর্বে কখনো তোমরা তাঁকে মিথ্যার অভিযোগে অভিযুক্ত করেছ কিনা? তুমি বলেছ, ‘না’। এতে আমি বুঝলাম, এমনটি হতে পারে না যে, কেউ মানুষের ব্যাপারে মিথ্যা পরিত্যাগ করবে আর আল্লাহর ব্যাপারে মিথ্যা বলবে। আমি তোমাকে জিজ্ঞেস করেছি, সম্ভ্রান্ত লোক তাঁর অনুসরণ করে, না সাধারণ লোক? তুমি বলেছ, সাধারণ লোকই তাঁর অনুসরণ করে। আর বাস্তবেও এই শ্রেনীর লোকেরাই হন রসূলগণের অনুসারী। আমি তোমাকে জিজ্ঞেস করেছি, তারা সংখ্যায় বাড়ছে না কমছে? তুমি বলেছ, বাড়ছে। প্রকৃতপক্ষে ঈমানে পূর্ণতা লাভ করা পর্যন্ত এ রকমই হয়ে থাকে। আমি তোমাকে জিজ্ঞেস করেছি, তাঁর দীনে প্রবেশ করে কেউ কি অসন্তুষ্ট হয়ে তা ত্যাগ করে? তুমি বলেছ, ‘না’। ঈমানের স্নিগ্ধতা অন্তরের সঙ্গে মিশে গেলে ঈমান এরূপই হয়। আমি তোমাকে জিজ্ঞেস করেছি, তিনি সন্ধি ভঙ্গ করেন কিনা? তুমি বলেছ, ‘না’। প্রকৃতপক্ষে রসূলগণ এরূপই, সন্ধি ভঙ্গ করেন না। আমি তোমাকে জিজ্ঞেস করেছি, তিনি তোমাদের কিসের আদেশ দেন? তুমি বলেছ, তিনি তোমাদের এক আল্লাহর বন্দেগী করা ও তাঁর সঙ্গে অন্য কিছুর অংশীদার স্থাপন না করার নির্দেশ দেন। তিনি তোমাদের নিষেধ করেন মূর্তিপূজা করতে আর তোমাদের আদেশ করেন সালাত আদায় করতে, সত্য বলতে ও সচ্চরিত্র থাকতে। তুমি যা বলেছ তা যদি সত্যি হয়, তবে শীঘ্রই তিনি আমার দু’পায়ের নীচের জায়গার অধিকারী হবেন। আমি নিশ্চিত জানতাম, তাঁর আবির্ভাব হবে; কিন্তু তিনি যে তোমাদের মধ্য হতে হবেন, এ কথা ভাবতে পারিনি। যদি জানতাম, আমি তাঁর নিকট পৌছতে পারব, তাঁর সঙ্গে সাক্ষাৎ করার জন্য আমি যে কোন কষ্ট সহ্য করে নিতাম। আর আমি যদি তাঁর নিকট থাকতাম তবে অবশ্যই তাঁর দু’খানা পা ধৌত করে দিতাম। অতঃপর তিনি আল্লাহর রসূল (সাল্লাল্লাহু ‘আলাইহি ওয়া সাল্লাম)-এর সেই পত্রখানি আনার নির্দেশ দিলেন, যা তিনি দিহ্‌ইয়াতুল কালবী (রাঃ)-কে দিয়ে বসরার শাসকের মাধ্যমে হিরাক্লিয়াসের নিকট প্রেরণ করেছিলেন। তিনি তা পড়লেন। তাতে (লেখা) ছিলঃ\r\nবিসমিল্লা-হির রহমা-নির রহীম (পরম করুণাময় দয়ালু আল্লাহর নামে) । আল্লাহর বান্দা ও তাঁর রসূল মুহাম্মাদ (সাল্লাল্লাহু ‘আলাইহি ওয়া সাল্লাম)-এর পক্ষ হতে রোম সম্রাট হিরাক্লিয়াসের প্রতি। -শান্তি (বর্ষিত হোক) তার প্রতি, যে হিদায়াতের অনুসরণ করে। তারপর আমি আপনাকে ইসলামের দাওয়াত দিচ্ছি। ইসলাম গ্রহণ করুন, শান্তিতে থাকবেন। আল্লাহ আপনাকে দ্বিগুণ প্রতিদান দান করবেন। আর যদি মুখ ফিরিয়ে নেন, তবে সকল প্রজার পাপই আপনার উপর বর্তাবে।\r\n“হে আহলে কিতাব! এসো সে কথায় যা আমাদের ও তোমাদের মধ্যে এক ও অভিন্ন। তা হল, আমরা যেন আল্লাহ ছাড়া অন্য কারো ইবাদত না করি, কোন কিছুকেই যেন তাঁর শরীক সাব্যস্ত না করি এবং আমাদের কেউ যেন কাউকে পালনকর্তারূপে গ্রহণ না করে আল্লাহকে ত্যাগ করে। যদি তারা মুখ ফিরিয়ে নেয়, তবে তোমরা বল, “তোমরা সাক্ষী থাক, আমারা তো মুসলিম”। (সূরাহ্‌ আল-‘ইমরান ৩/৬৪)\r\nআবূ সুফিয়ান বলেন, ‘হিরাক্লিয়াস যখন তাঁর বক্তব্য শেষ করলেন এবং পত্র পাঠও শেষ করলেন, তখন সেখানে হট্টগোল শুরু হয়ে গেল, চীৎকার ও হৈ-হল্লা চরমে পৌছল এবং আমাদেরকে বের করে দেয়া হলো। আমাদেরকে বের করে দিলে আমি আমার সাথীদের বললাম, আবূ কাবশার [১] ছেলের বিষয় তো শক্তিশালী হয়ে উঠেছে, বনূ আসফার (রোম)-এর বাদশাহও তাকে ভয় পাচ্ছে! তখন থেকে আমি বিশ্বাস রাখতাম, তিনি শীঘ্রই জয়ী হবেন। অবশেষে আল্লাহ তা’আলা আমাকে ইসলাম গ্রহণের তাওফীক দান করলেন।\r\nইব্‌ন নাতূর ছিলেন জেরুযালেমের শাসনকর্তা এবং হিরাক্লিয়াসের বন্ধু ও সিরিয়ার খৃস্টানদের পাদ্রী। তিনি বলেন, হিরাক্লিয়াস যখন জেরুজালেম আসেন, তখন একদা তাঁকে অত্যন্ত মলিন দেখাচ্ছিল। তাঁর একজন বিশিষ্ট সহচর বলল, ‘আমরা আপনার চেহারা আজ এত মলিন দেখছি, ইব্‌নু নাতূর বলেন, হিরাক্লিয়াস ছিলেন জ্যোতির্বিদ, জ্যোতির্বিদ্যায় তাঁর দক্ষতা ছিল। তারা জিজ্ঞেস করলে তিনি তাদের বললেন, ‘আজ রাতে আমি তারকারাজির দিকে তাকিয়ে দেখতে পেলাম, খতনাকারীদের বাদশাহ আবির্ভূত হয়েছেন। বর্তমান যুগে কোন্‌ জাতি খাতনা করে’? তারা বলল, ‘ইয়াহূদ জাতি ব্যতীত কেউ খাতনা করে না। কিন্তু তাদের ব্যাপারে আপনি মোটেও চিন্তিত হবেন না। আপনার রাজ্যের শহরগুলোতে লিখে পাঠান, তারা যেন সেখানকার সকল ইয়াহূদীকে কতল করে ফেলে’। তারা যখন এ ব্যাপারে ব্যতিব্যস্ত ছিল, তখন হিরাক্লিয়াসের নিকট জনৈক ব্যক্তিকে হাযির করা হলো, যাকে গাস্‌সানের শাসনকর্তা পাঠিয়েছিল। সে আল্লাহর রসূল (সাল্লাল্লাহু ‘আলাইহি ওয়া সাল্লাম) সম্পর্কে খবর দিচ্ছিল। হিরাক্লিয়াস তার কাছ থেকে খবর জেনে নিয়ে বললেন, ‘তোমরা একে নিয়ে গিয়ে দেখ, তার খাতনা হয়েছে কি-না’। তারা তাকে নিয়ে গিয়ে দেখে এসে সংবাদ দিল, তার খতনা হয়েছে। হিরাক্লিয়াস তাকে আরবদের সম্পর্কে জিজ্ঞেস করলে সে জওয়াব দিল, ‘তারা খাতনা করে’। অতঃপর হিরাক্লিয়াস তাদের বললেন, ইনি [আল্লাহর রসূল (সাল্লাল্লাহু ‘আলাইহি ওয়া সাল্লাম)] এ উম্মতের বাদশাহ। তিনি আবির্ভূত হয়েছেন’। আতঃপর হিরাক্লিয়াস রোমে তাঁর বন্ধুর নিকট লিখলেন। তিনি জ্ঞানে তাঁর সমকক্ষ ছিলেন। পরে হিরাক্লিয়াস হিমস চলে গেলেন। হিমসে থাকতেই তাঁর নিকট তাঁর বন্ধুর চিঠি এলো, যা নবী (সাল্লাল্লাহু ‘আলাইহি ওয়া সাল্লাম)-এর আবির্ভাব এবং তিনিই যে প্রকৃত নবী, এ ব্যাপারে হিরাক্লিয়াসের মতকে সমর্থন করছিল। তারপর হিরাক্লিয়াস তাঁর হিমসের প্রাসাদে রোমের নেতৃস্থানীয় ব্যক্তিদের ডাকলেন এবং প্রাসাদের সকল দরজা বন্ধ করার আদেশ দিলে দরজা বন্ধ করা হলো। অতঃপর তিনি সম্মুখে এসে বললেন, হে রোমের অধিবাসী! তোমরা কি মঙ্গল, হিদায়াত এবং তোমাদের রাষ্ট্রের স্থায়িত্ব চাও? তাহলে এই নবীর বায়’আত গ্রহণ কর’। এ কথা শুনে তারা বন্য গাধার ন্যায় দ্রুত নিঃশ্বাস ফেলতে ফেলতে দরজার দিকে ছুটল, কিন্তু তারা তা বন্ধ দেখতে পেল। হিরাক্লিয়াস যখন তাদের অনীহা লক্ষ্য করলেন এবং তাদের ঈমান থেকে নিরাশ হয়ে গেলেন, তখন বললেন, ‘ওদের আমার নিকট ফিরিয়ে আন’। তিনি বললেন, ‘আমি একটু পূর্বে যে কথা বলেছি, তা দিয়ে তোমরা তোমাদের দীনের উপর কতটুকু অটল, কেবল তার পরীক্ষা করছিলাম। এখন তা দেখে নিলাম’। একথা শুনে তারা তাঁকে সাজদাহ করল এবং তাঁর প্রতি সন্তুষ্ট হলো। এটাই ছিল হিরাক্লিয়াসের সর্বশেষ অবস্থা।\r\nআবূ ‘আবদুল্লাহ [বুখারী (রহঃ)] বলেন, সালিহ ইব্‌নু কায়সান (রহঃ) , ইউনুস (রহঃ) ও মা’মার (রহঃ) এ হাদীস যুহরী (রহঃ) থেকে রিওয়ায়াত করেছেন।', '[১] আবূ কাবশা : এ নামে জনৈক ব্যক্তি প্রতিমা পূজার বিরোধী ছিল বলে আল্লাহর রসূল (সাল্লাল্লাহু ‘আলাইহি ওয়া সাল্লাম)-কে তার ছেলে অর্থাৎ আবূ কাবশা বলা হয়েছে। এ মর্মে আরও কয়েকটি বর্ণনা রয়েছে।', '7', '7', '৬\r\n৬\r\n৫১, ২৬৮১, ২৮০৪, ২৯৪১, ২৯৭৮, ৩১৭৪, ৪৫৫৩, ৫৯৮০, ৬২৬০, ৭১৯৬, ৭৫৪১ দ্রষ্টব্য', 0, 40, '2013-11-20 22:14:03', '2013-12-14 16:54:09', 'anon.', 'admin', 'anon.', NULL, 0, 0),
	(7, 1, 5, 8, 'ইবন ‘উমার (রাঃ)', 'তিনি বলেন, আল্লাহর রসূল (সাল্লাল্লাহু ‘আলাইহি ওয়া সাল্লাম) ইরশাদ করেন, ইসলামের স্তম্ভ হচ্ছে পাঁচটি। \r\n১. আল্লাহ ব্যতীত প্রকৃত কোন উপাস্য নেই এবং নিশ্চয়ই মুহাম্মাদ (সাল্লাল্লাহু ‘আলাইহি ওয়া সাল্লাম) আল্লাহর রসূল-এ কথার সাক্ষ্য প্রদান করা। \r\n২. সলাত কায়িম করা। \r\n৩. যাকাত আদায় করা। \r\n৪. হাজ্জ সম্পাদন করা এবং \r\n৫. রমযানের সিয়ামব্রত পালন করা (রোজা রাখা)।', '[১] কোন কোন ফকীহদের নিকট ঈমান বাড়েও না কমেও না। বরং সমান থাকে। তাদের নিকট একজন নবীর ঈমান ও ইবলিসের ঈমান এক সমান। তাদের এই ‘আকীদাহ কুরআন ও সুন্নাহ বিরোধী। এটা মুরজি’আহ সম্প্রদায়ের ভ্রান্ত ‘আকীদাহর অন্তর্ভুক্ত।', '8', '8', '৭\r\n৭\r\n৪৫৪১; মুসলিম ১/৫ হাঃ ১৬, আহমদ ৬০২২, ৬৩০৯', 0, 40, '2013-11-23 00:25:35', '2013-12-14 20:25:21', 'anon.', 'admin', 'anon.', NULL, 1, 0),
	(8, 1, 5, 9, 'আবূ হুরাইরা (রাঃ)', 'নবী (সাল্লাল্লাহু ‘আলাইহি ওয়া সাল্লাম) বলেছেন, ঈমানের ষাটেরও অধিক শাখা আছে। আর লজ্জা হচ্ছে ঈমানের একটি শাখা।', NULL, '9', '9', '৮\r\n৮\r\nমুসলিম ১/১২ হাঃ ৩৫, আহামাদ ৯৩৭২', 0, 40, '2013-11-23 00:29:47', '2015-06-12 19:46:51', 'anon.', 'admin', 'anon.', NULL, 1, 0),
	(9, 1, 5, 10, '‘আবদুল্লাহ্‌ ইব্‌নু ‘‘আমর (রাঃ)', 'আল্লাহর রসূল (সাল্লাল্লাহু ‘আলাইহি ওয়া সাল্লাম) ইরশাদ করেন, সে-ই মুসলিম, যার জিহবা ও হাত হতে সকল মুসলিম নিরাপদ এবং সে-ই প্রকৃত মুহাজির, আল্লাহ যা নিষেধ করেছেন তা যে ত্যাগ করে।', NULL, '10', '10', '৯\r\n৯\r\n৬৪৮৪; মুসলিম ১/১৪ হাঃ ৪০, আহমাদ ৬৭৬৫', 0, 40, '2013-11-23 00:34:48', '2015-06-02 20:17:56', 'anon.', 'anon.', 'anon.', NULL, 1, 0);
